[{
  "id": "001",
  "case_no": "3453",
  "gender": "Female",
  "date": "2021-02-25T14:22:18Z",
  "patient_name": "Eva Willis",
  "vehicle_no": "GJ54XS2345",
  "driver_name": "Laurel Maxwell",
  "driver_no": "1234567890",
  "patient_address": "76 E. Lower River St.",
  "node": "Normal Delivery"
},
{
  "id": "002",
  "case_no": "3276",
  "gender": "Female",
  "date": "2021-02-22T14:22:18Z",
  "patient_name": "Camille Mckinney",
  "vehicle_no": "GJ54XS2345",
  "driver_name": "Terry Ball",
  "driver_no": "1234567890",
  "patient_address": "36 Addison Drive",
  "node": "Normal Delivery"
},
{
  "id": "003",
  "case_no": "6823",
  "gender": "Male",
  "date": "2021-02-12T14:22:18Z",
  "patient_name": "Ramona Freeman",
  "vehicle_no": "GJ54XS2345",
  "driver_name": "Johnny Mack",
  "driver_no": "1234567890",
  "patient_address": "374 Hickory Circle",
  "node": "Normal Delivery"
},
{
  "id": "004",
  "case_no": "1563",
  "gender": "Male",
  "date": "2021-02-15T14:22:18Z",
  "patient_name": "Serena Bond",
  "vehicle_no": "GJ54XS2345",
  "driver_name": "Marvin Miller",
  "driver_no": "1234567890",
  "patient_address": "8108 Columbia Lane",
  "node": "Normal Delivery"
},
{
  "id": "005",
  "case_no": "342",
  "gender": "Female",
  "date": "2021-02-05T14:22:18Z",
  "patient_name": "Mia Howell",
  "vehicle_no": "GJ54XS2345",
  "driver_name": "Woody Robinson",
  "driver_no": "1234567890",
  "patient_address": "43 St Margarets Rd.",
  "node": "Normal Delivery"
},
{
  "id": "006",
  "case_no": "78",
  "gender": "Male",
  "date": "2021-02-02T14:22:18Z",
  "patient_name": "Vania Jackson",
  "vehicle_no": "GJ54XS2345",
  "driver_name": "Baxter Burgess",
  "driver_no": "1234567890",
  "patient_address": "8642 Greenrose Street",
  "node": "Normal Delivery"
},
{
  "id": "007",
  "case_no": "974",
  "gender": "Female",
  "date": "2021-02-11T14:22:18Z",
  "patient_name": "Regina Yates",
  "vehicle_no": "GJ54XS2345",
  "driver_name": "Randall Smart",
  "driver_no": "1234567890",
  "patient_address": "72 South Sage Road",
  "node": "Normal Delivery"
},
{
  "id": "008",
  "case_no": "2394",
  "gender": "Female",
  "date": "2021-02-19T14:22:18Z",
  "patient_name": "Wanda Castro",
  "vehicle_no": "GJ54XS2345",
  "driver_name": "Marlon Palmer",
  "driver_no": "1234567890",
  "patient_address": "96 N. Magnolia St.",
  "node": "Normal Delivery"
},
{
  "id": "009",
  "case_no": "5569",
  "gender": "Male",
  "date": "2021-02-27T14:22:18Z",
  "patient_name": "Vanessa Vargas",
  "vehicle_no": "GJ54XS2345",
  "driver_name": "Dominic Griffith",
  "driver_no": "1234567890",
  "patient_address": "223 Santa Clara Court",
  "node": "Normal Delivery"
},
{
  "id": "010",
  "case_no": "2394",
  "gender": "Male",
  "date": "2021-02-19T14:22:18Z",
  "patient_name": "Hattie Robbins",
  "vehicle_no": "GJ54XS2345",
  "driver_name": "Halbert Mendez",
  "driver_no": "1234567890",
  "patient_address": "7 Washington St.",
  "node": "Normal Delivery"
},
{
  "id": "011",
  "case_no": "2497",
  "gender": "Female",
  "date": "2021-02-24T14:22:18Z",
  "patient_name": "Trista Reed",
  "vehicle_no": "GJ54XS2345",
  "driver_name": "Doran Stevens",
  "driver_no": "1234567890",
  "patient_address": "96 N. Magnolia St",
  "node": "Normal Delivery"
},
{
  "id": "012",
  "case_no": "2783",
  "gender": "Male",
  "date": "2021-02-28T14:22:18Z",
  "patient_name": "Clara Waters",
  "vehicle_no": "GJ54XS2345",
  "driver_name": "Richard Chambers",
  "driver_no": "1234567890",
  "patient_address": "6 Walt Whitman Drive",
  "node": "Normal Delivery"
},
{
  "id": "013",
  "case_no": "1297",
  "gender": "Female",
  "date": "2021-02-26T14:22:18Z",
  "patient_name": "Mandy Reyes",
  "vehicle_no": "GJ54XS2345",
  "driver_name": "Gerard Hayes",
  "driver_no": "1234567890",
  "patient_address": "7226 E. Snake Hill Court",
  "node": "Normal Delivery"
},
{
  "id": "014",
  "case_no": "2312",
  "gender": "Male",
  "date": "2021-02-09T14:22:18Z",
  "patient_name": "Elaine Padilla",
  "vehicle_no": "GJ54XS2345",
  "driver_name": "William Woolridge",
  "driver_no": "1234567890",
  "patient_address": "78 Hamilton Road",
  "node": "Normal Delivery"
},
{
  "id": "015",
  "case_no": "4344",
  "gender": "Female",
  "date": "2021-02-10T14:22:18Z",
  "patient_name": "Madge Kelley",
  "vehicle_no": "GJ54XS2345",
  "driver_name": "Jackson Hubbard",
  "driver_no": "1234567890",
  "patient_address": "11,Shyam appt. Rajkot",
  "node": "Normal Delivery"
},
{
  "id": "016",
  "case_no": "8863",
  "gender": "Male",
  "date": "2021-02-14T14:22:18Z",
  "patient_name": "Mona Lawrence",
  "vehicle_no": "GJ54XS2345",
  "driver_name": "Albert Barker",
  "driver_no": "1234567890",
  "patient_address": "7608 Augusta Street",
  "node": "Normal Delivery"
}
]
