[{
    "id": "001",
    "img": "assets/images/user/usrbig1.jpg",
    "name": "John Deo",
    "email": "test@email.com",
    "mobile": "1234567890",
    "dateTime": "2018-02-25T14:22:18Z",
    "address": "God creature is sixth was abundantly and sea gathered i ",
    "disease": "Fowl darkness our sixth heaven."
  },
  {
    "id": "002",
    "img": "assets/images/user/usrbig2.jpg",
    "name": "Sarah Smith",
    "email": "test@email.com",
    "mobile": "1234567890",
    "dateTime": "1985-04-14T14:22:18Z",
    "address": "Celeste Slater 606-3727 Ullamcorper. Street Roseville NH 11523",
    "disease": "Winged lights seed don't to him."
  },
  {
    "id": "003",
    "img": "assets/images/user/usrbig3.jpg",
    "name": "Edna Gilbert",
    "email": "test@email.com",
    "mobile": "1234567890",
    "dateTime": "1983-11-08T14:22:18Z",
    "address": "Hiroko Potter P.O. Box 887 2508 Dolor. Av. Muskegon KY 12482",
    "disease": "Gathering above day. Air Heaven beast multiply us together."
  },
  {
    "id": "004",
    "img": "assets/images/user/usrbig4.jpg",
    "name": "Shelia Osterberg",
    "email": "test@email.com",
    "mobile": "1234567890",
    "dateTime": "1988-05-20T14:22:18Z",
    "address": "881 Beechwood St.Beloit, WI 53511",
    "disease": "Why does the tested dust ray the featured rubbish?"
  },
  {
    "id": "005",
    "img": "assets/images/user/usrbig5.jpg",
    "name": "Barbara Garland",
    "email": "test@email.com",
    "mobile": "1234567890",
    "dateTime": "1987-04-18T14:22:18Z",
    "address": "107 Ashley Ave Lakewood, New Jersey",
    "disease": "The friendship beams in this dedicate smoker."
  },
  {
    "id": "006",
    "img": "assets/images/user/usrbig6.jpg",
    "name": "Sarah Smith",
    "email": "test@email.com",
    "mobile": "1234567890",
    "dateTime": "1983-11-08T14:22:18Z",
    "address": "Shanti Nagar Bldg No B 4, Sector No 6, Mira Road",
    "disease": "The glass relaxes in a buffer. Any larger bitmap parades."
  },
  {
    "id": "007",
    "img": "assets/images/user/usrbig7.jpg",
    "name": "Marie Brodsky",
    "email": "test@email.com",
    "mobile": "1234567890",
    "dateTime": "1983-11-08T14:22:18Z",
    "address": "D-178/2, Ttc Industrial Area, Midc, Nerul",
    "disease": "Behind whatever mist stumbles the unknown colleague."
  },
  {
    "id": "008",
    "img": "assets/images/user/usrbig8.jpg",
    "name": "Kara Thompson",
    "email": "test@email.com",
    "mobile": "1234567890",
    "dateTime": "1987-04-18T14:22:18Z",
    "address": "H-6, 1st Fl., Omkar, Near Marathi Vidhiyalaya,",
    "disease": "The west influences the scarlet lord."
  },
  {
    "id": "009",
    "img": "assets/images/user/usrbig9.jpg",
    "name": "Joseph Nye",
    "email": "test@email.com",
    "mobile": "1234567890",
    "dateTime": "1988-05-20T14:22:18Z",
    "address": "26, 2nd Flr, Nariman Bhavan, Nariman Point",
    "disease": "An elect leg bays. A dustbin gasps the bug."
  },
  {
    "id": "010",
    "img": "assets/images/user/usrbig10.jpg",
    "name": "Ricardo Wendler",
    "email": "test@email.com",
    "mobile": "1234567890",
    "dateTime": "1985-04-14T14:22:18Z",
    "address": "1st Floor P.o. Box No 3261, 39 Nagdevi Street,",
    "disease": "Gathering above day. Air Heaven beast multiply us together."
  },
  {
    "id": "011",
    "img": "assets/images/user/usrbig1.jpg",
    "name": "Brian Shelley",
    "email": "test@email.com",
    "mobile": "1234567890",
    "dateTime": "1983-11-08T14:22:18Z",
    "address": "Shop 4, Shanti Darshan, Opp Veena Hotel, Stn Rd,",
    "disease": "The assumed seed fringes a decay. The skill watches the miserable separator."
  },
  {
    "id": "012",
    "img": "assets/images/user/usrbig2.jpg",
    "name": "Theresa Bullock",
    "email": "test@email.com",
    "mobile": "1234567890",
    "dateTime": "1988-05-20T14:22:18Z",
    "address": "Mogra Village Road, J B Nagar, Andheri (west)",
    "disease": "How can the twisting century dare a sure fluid? The bullet evaluates the initial purchase."
  },
  {
    "id": "013",
    "img": "assets/images/user/usrbig3.jpg",
    "name": "Jeannie Elder",
    "email": "test@email.com",
    "mobile": "1234567890",
    "dateTime": "1987-04-18T14:22:18Z",
    "address": "Plot 129, D 1, Swami Vivekanand Nagar",
    "disease": "Any microwave conducts a convict tree. The lip moans before an ozone. Any gateway interests my nearest rhyme."
  }
]
