[{
  "id": "001",
  "i_name": "Medical Equipment",
  "category": "Equipments",
  "issue_date": "2021-02-25T14:22:18Z",
  "return_date": "2021-04-12T14:22:18Z",
  "issue_to":"Dr. Sarah Smith",
  "qty": "44",
  "status":"Issued"
},
{
  "id": "002",
  "i_name": "Dressing Cotton",
  "category": "Cotton Packs",
  "issue_date": "2021-03-17T14:22:18Z",
  "return_date": "2021-03-23T14:22:18Z",
  "issue_to":"Dr. Sarah Smith",
  "qty": "234",
  "status":"Returned"
},
{
  "id": "003",
  "i_name": "Syringe",
  "category": "Syringe Packs",
  "issue_date": "2021-07-02T14:22:18Z",
  "return_date": "2021-09-12T14:22:18Z",
  "issue_to":"Dr. Sarah Smith",
  "qty": "27",
  "status":"Returned"
},
{
  "id": "004",
  "i_name": "Bed Sheet",
  "category": "Bed Items",
  "issue_date": "2021-02-11T14:22:18Z",
  "return_date": "2021-02-18T14:22:18Z",
  "issue_to":"Dr. Sarah Smith",
  "qty": "10",
  "status":"Issued"
},
{
  "id": "005",
  "i_name": "Hand Gloves",
  "category": "Equipments",
  "issue_date": "2021-03-15T14:22:18Z",
  "return_date": "2021-06-21T14:22:18Z",
  "issue_to":"Dr. Sarah Smith",
  "qty": "163",
  "status":"Returned"
},
{
  "id": "006",
  "i_name": "Uniform",
  "category": "Staff Items",
  "issue_date": "2021-02-25T14:22:18Z",
  "return_date": "2021-02-26T14:22:18Z",
  "issue_to":"Dr. Sarah Smith",
  "qty": "12",
  "status":"Returned"
},
{
  "id": "007",
  "i_name": "scissors",
  "category": "Equipments",
  "issue_date": "2021-02-13T14:22:18Z",
  "return_date": "2021-02-20T14:22:18Z",
  "issue_to":"Dr. Sarah Smith",
  "qty": "17",
  "status":"Issued"
},
{
  "id": "008",
  "i_name": "Thermometer",
  "category": "Equipments",
  "issue_date": "2021-02-10T14:22:18Z",
  "return_date": "2021-02-15T14:22:18Z",
  "issue_to":"Dr. Sarah Smith",
  "qty": "5",
  "status":"Returned"
}
]
